,kappa,theta,sigma,rho,v0,error
2023-07-17,3.3815495427717197,0.010000000000000002,5.0,-0.9476364238521056,0.22169891981196715,0.025339819779375175
2023-07-19,1.3619230289788884,0.01,5.0,-0.958317253867341,0.19241677678255645,0.04902103319315902
2023-07-21,9.379550460930123,0.01,5.0,-0.919251970433372,0.19385108550552274,0.014072281115416484
2023-07-24,4.35596020166552,0.01,5.0,-0.9501075416192631,0.22227608471229615,0.018344632199991273
2023-07-26,2.7545275632011306,0.010000000000000024,5.0,-0.9546545322093272,0.22452338455302448,0.018563039369240062
2023-07-28,3.771631827085947,0.01,5.0,-0.9499622892966836,0.22078019657500203,0.01964717275318959
2023-07-31,4.9662094742304435,0.01,5.0,-0.9468978450917432,0.21665925116405677,0.01678510003388107
2023-08-02,9.107003603691037,0.010000000000000004,5.0,-0.9068314931767806,0.19923477502583906,0.0048451170061198055
2023-08-04,10.0,0.02877660140863651,4.771165124831955,-0.9097273772028414,0.1675216380749735,0.004788634193886393
2023-08-07,2.4093385747517395,0.010000000000000007,5.0,-0.9628505922930498,0.25098302422333874,0.018402656267132608
2023-08-09,9.956513916983427,0.01,5.0,-0.9376323772545242,0.18609242847283058,0.018949254320020772
2023-08-11,0.7615429139104467,0.7880304806362819,5.0,-0.9624146404175676,0.18215896080990995,0.01736852999476444
2023-08-14,1.9516814501783308,0.01,5.0,-0.9669728896434051,0.262101997913789,0.0222663075621517
2023-08-16,9.056460526028685,0.01,5.0,-0.908264525092345,0.21093060363201221,0.003505690151383107
2023-08-18,2.9918067032993556,0.010000000000000052,5.0,-0.9514997475481769,0.274934723730628,0.012560572092066125
2023-08-21,3.779986321388899,0.01,5.0,-0.9505225203679429,0.2508960994584502,0.015377487867396119
2023-08-23,0.1,0.021249071685283966,5.0,-0.9741711081321002,0.25116691072071784,0.06127845383108366
2023-08-25,5.054972832473319,0.010000000000000002,5.0,-0.9443884029635654,0.23422267642989616,0.013917524457138456
2023-08-28,0.10000000015875594,0.015365474879632923,4.99999999999995,-0.9622944844371221,0.1940967400862298,0.04081654277459412
2023-08-30,5.250703000987226,0.01,5.0,-0.9429955982597258,0.22150533616043688,0.018220272987278543
2023-09-01,10.0,0.01,3.803919772089752,-0.9152303454996039,0.13035273392215313,0.015210178614675995
2023-09-06,10.0,0.07641431131038996,3.285487578907495,-0.8885521825323325,0.034793929086810886,0.00925355384976775
2023-09-08,7.680266640783186,0.010000000000000012,5.0,-0.9429794739779311,0.21875053379227274,0.011856003334947737
2023-09-11,9.595975427157256,0.01,5.0,-0.9376457955447535,0.20661732495512317,0.01446686170220577
2023-09-13,8.157406532519733,0.010000000000000007,5.0,-0.9337948223039854,0.2098335754179951,0.010696067500145293
2023-09-15,10.0,0.02897624471615095,3.42785670678576,-0.8871147592479285,0.08611027985952496,0.007454252830136041
2023-09-18,5.936339266678574,0.01,5.0,-0.9450844040025516,0.20735691843027126,0.015090921885667087
2023-09-20,7.301275288008041,0.1217259997168546,2.9420391709676745,-0.8365265046937578,0.0010000000000000002,0.0034648606374808886
2023-09-22,8.737786001055307,0.14229499031234594,5.0,-0.8992758745457395,0.08973891855419942,0.004946427197686198
2023-09-25,3.8903915157399065,0.010000000000000004,5.0,-0.9453420723626589,0.25965350907224777,0.012850672292031663
2023-09-27,10.0,0.06848717495973182,3.5447306105176937,-0.9068695481100214,0.12794288266356588,0.009007846279163541
2023-09-29,10.0,0.06999701674601186,2.2559326367622083,-0.875727739714055,0.045094763740489895,0.008296252440421703
2023-10-02,8.254999165518955,0.01,5.0,-0.9139884704119473,0.2452587902237973,0.0061028587391972755
2023-10-04,10.0,0.010000000000000024,4.347531605214754,-0.9186307915520372,0.27644617765873186,0.011273685552911524
2023-10-06,0.10000000000083667,0.010000000000000186,4.999999999999998,-0.9728374172844887,0.30728195303556577,0.08059950932708417
2023-10-09,7.830305503995138,0.01,5.0,-0.9434441479310021,0.3186086556760805,0.028019602085500136
2023-10-11,10.0,0.01,4.37275663778612,-0.9209889353080567,0.22978063590473824,0.015805823026325255
2023-10-13,10.0,0.10258344906239837,4.003992188507965,-0.8675154791072579,0.06005233212543276,0.0023952513064563804
2023-10-16,0.10000000000001841,0.010666260621909703,5.0,-0.9651267276143423,0.21511281001774446,0.026711286515901683
2023-10-18,10.0,0.027385957685842018,2.7408846471776687,-0.8770498955865017,0.10960115127187296,0.0042689231316098905
2023-10-20,3.068369184636323,0.3011914610459613,2.169457926907421,-0.8675019877813472,0.01777012267155025,0.00356680090781815
2023-10-23,10.0,0.01,5.0,-0.9288356728045902,0.3051580246629319,0.013132489309058831
2023-10-25,3.0711468721303006,0.3223606129434878,2.305237134078625,-0.8836620971825622,0.015470154169438907,0.0035412844790422768
2023-10-27,10.0,0.13973971042038652,3.176134837879191,-0.8597021176804988,0.03733374299070624,0.004781506000900433
2023-10-30,10.0,0.04519261176052013,4.983480424426466,-0.9252127125528239,0.2724793926482325,0.01793740340979785
2023-11-03,4.231294033235672,0.01,5.0,-0.9372205272273791,0.22294023908474384,0.008407164823639101
2023-11-06,8.906573452069797,0.010000000000000004,5.0,-0.9276346422648765,0.2076394110555168,0.01107277393455071
2023-11-09,9.512151925486641,0.14347175022602965,4.286477430771946,-0.854750230602816,0.001,0.005116301116695077
2023-11-10,1.5087049124537644,0.01,5.0,-0.9591030736527708,0.24905222286488266,0.019734913152231703
2023-11-13,6.9172190508872315,0.01,5.0,-0.9349436905687549,0.2190070835929775,0.012603635402160673
2023-11-16,0.10000000000003254,0.012953105315132152,5.0,-0.9563833474225525,0.16922651291820404,0.037088512352999516
2023-11-17,7.464879280614535,0.01,5.0,-0.9247627890597429,0.19362191123068614,0.01534715106167122
2023-11-20,3.2308819373923323,0.01,5.0,-0.9507900061860488,0.22429121737382746,0.030119618671132883
2023-11-21,0.10000000000000014,0.03470915412822417,5.0,-0.9499439623806919,0.14532220382266345,0.02393483757129741
2023-11-22,0.1,0.010000000000005416,4.9999999999999964,-0.963426232937267,0.14557918119247043,0.03034527604448396
2023-11-24,0.1000000002090863,0.6665307143117974,5.0,-0.9587265611332552,0.15008334558844452,0.03135956554532416
2023-11-27,0.1,0.6446775097682106,5.0,-0.9569510733203839,0.14608405232244834,0.0241281045232246
2023-11-29,0.1,0.01,5.0,-0.941682461150414,0.12896993231509968,0.014018355092388086
2023-12-01,7.5833730773355725,0.01,5.0,-0.9357573060380995,0.21625055189169043,0.025388884232822012
2023-12-04,10.0,0.13008389004216572,4.258848811696935,-0.9102413899550309,0.05669487403137454,0.013424965298944321
2023-12-06,0.10000067892665668,0.010000000000000042,4.999999949027171,-0.9899999956812071,0.001163504836240067,1.9463346679917013
2023-12-08,10.0,0.010000000000000012,5.0,-0.9278600094872458,0.20737461383033823,0.027722842816385207
2023-12-11,10.0,0.15187161092576243,4.77916948121623,-0.9247000681688965,0.0686795717688873,0.014833561452188367
2023-12-13,0.1,0.01,5.0,-0.962760256948816,0.19816578231093668,0.046087441003516055
2023-12-15,10.0,0.1105876104494229,5.0,-0.9093615420814003,0.0682950964582541,0.0101036837061208
2023-12-18,10.0,0.01,4.925804842206811,-0.9153589951496173,0.17239886986649913,0.01529520265280142
2023-12-20,5.6531998605983595,0.0626508713931133,1.522090512159262,-0.6813335958920161,0.0035404263316200194,0.0021361902577961174
2023-12-22,10.0,0.01,3.7744496424492215,-0.8867981815093895,0.12580449303153132,0.012179914954304647
2023-12-27,8.118027173202778,0.01,5.0,-0.9149477414963144,0.1814033948945883,0.012104344314359052
2023-12-29,2.873984612688039,0.2653262077872228,3.06079405551943,-0.9076550464433953,0.022534541881840515,0.016414608379860956
2024-01-03,10.0,0.08320927253753897,4.16606186217471,-0.8855755224699113,0.05944939694374291,0.007820741589196418
2024-01-05,10.0,0.010000000000000005,4.496856269316807,-0.9104910457327475,0.1697139758272949,0.010561178934549047
2024-01-08,3.107071230571424,0.01,5.0,-0.9513411213222557,0.24307656448592682,0.018273361307061007
2024-01-10,6.903291852975689,0.010000000000000009,5.0,-0.9257217732472719,0.1961145944277101,0.011254254183738151
2024-01-12,10.0,0.04943023627461262,3.7431160717147893,-0.8860836102192855,0.07313370300512498,0.011243534442645082
2024-01-17,10.0,0.01,4.867391405679066,-0.9033466287170595,0.18543093447317688,0.006939119592855941
2024-01-19,3.9037446324647664,0.010000000000000009,5.0,-0.9457754921930772,0.2240469287537214,0.015512010913823922
2024-01-22,10.0,0.01,4.351982403732728,-0.8954843746589252,0.14101991548395643,0.013207206611378551
2024-01-24,10.0,0.11459411874386688,4.217833960021583,-0.8890802325443525,0.050046682796728435,0.020403134931155732
2024-01-26,10.0,0.010000000000000026,4.109971450707361,-0.8855968372201216,0.1347307997314414,0.013062132378250626
2024-01-29,5.87200641677571,0.01,5.0,-0.919403997259589,0.20287312323178114,0.012720359833323688
2024-01-31,10.0,0.039772036945819156,2.1433490053517197,-0.7454619938104904,0.02136388303222332,0.0042404681999802804
2024-02-02,4.920742144152494,0.010000000000000018,5.0,-0.9392323312617713,0.21904004845345176,0.02305450014815197
2024-02-05,10.0,0.01,4.502479620296423,-0.8874707492521459,0.13391128786006765,0.010949324236057047
2024-02-07,8.8540108990931,0.01,5.0,-0.9062919118049464,0.18590999122963445,0.014884945993180606
2024-02-09,9.364489337958103,0.010000000000000299,5.0,-0.9199734021909943,0.19413095257484198,0.01797611717327289
2024-02-12,9.999999999999998,0.01,2.002065273726157,-0.8003616760750859,0.07421962255977484,0.013473319872335129
2024-02-14,7.838286751238149,0.010000000000000007,5.0,-0.9159951777932253,0.1941765935075276,0.012900672392315281
2024-02-16,9.999999999999998,0.07693094006920427,3.477535686305071,-0.8468002626997944,0.033085342533297986,0.01160409972773018
2024-02-21,9.999999999999996,0.01,3.3198848665544323,-0.889577713531588,0.13768183958444644,0.021996984087277863
2024-02-23,10.0,0.030280581211453075,2.8032742840573386,-0.8374089160308275,0.06275387120776552,0.015462362567894825
2024-02-26,10.0,0.0365932273826391,2.740361979128501,-0.7913253204997416,0.044319546473657566,0.009789942529516336
2024-02-28,10.0,0.010000000000000005,2.884399273479024,-0.8620087930138117,0.09548643088036642,0.01619464891618781
2024-03-01,9.722837859788434,0.01,5.0,-0.9187061398990032,0.19446938873616806,0.04754348901528825
2024-03-04,10.0,0.0274629524346999,3.1278444749649426,-0.8834226543671755,0.08913476440025485,0.021285059796314253
2024-03-06,10.0,0.06128339458928232,3.5396443274045324,-0.8512331196107302,0.06102629107110195,0.009189823559539179
2024-03-08,10.0,0.05077361049936614,1.7683282991648657,-0.7910836237605049,0.017462313242519456,0.013684990006673694
2024-03-11,10.0,0.09442353982701517,4.662919220731063,-0.8896223276873574,0.0947966714172823,0.01268060197382895
2024-03-13,10.0,0.023421183588857305,2.9718447020938696,-0.8386847278535334,0.07671800392825844,0.009655792825950311
2024-03-15,10.0,0.06965592588533945,4.008561613577089,-0.8689791308312356,0.07095786857828881,0.008171017014256004
2024-03-18,10.0,0.08631615185482709,3.983776459015641,-0.8660321343317202,0.056000074742083336,0.00955846288553503
2024-03-20,0.1,0.010000000000010582,4.999999999999955,-0.958832708749942,0.172321183782402,0.048787434106091446
2024-03-22,9.999999999999998,0.014770766132392936,2.913803075540264,-0.8460010167955745,0.07630611468134181,0.01091236600239016
2024-03-25,10.0,0.10295265141669553,4.745130502840836,-0.8926416401733365,0.06009858472492206,0.014505728215637318
2024-03-27,10.0,0.01000000000000031,4.04006472142769,-0.8992949278794516,0.13897822569696147,0.014017053889054462
2024-04-01,10.0,0.03335456484483611,2.698021312857263,-0.8501532607197946,0.05204998566393007,0.009597558662903438
2024-04-03,10.0,0.01,4.400555003381452,-0.9059601202380603,0.161241613039071,0.011417593726650792
2024-04-05,8.26321143634865,0.01,5.0,-0.9148959428947981,0.21929834317039862,0.00796483299804277
2024-04-08,10.0,0.09212420651252085,4.642869201906957,-0.8882165703051633,0.08360855544293003,0.007479674697618127
2024-04-10,10.0,0.07992031616791714,4.137695936164513,-0.8675701886206209,0.07721843790872088,0.004777983868701929
2024-04-12,10.0,0.05190647397806448,1.871259540717584,-0.8185955849414138,0.02901161979435951,0.005242739867611318
2024-04-15,2.922250096514843,0.08039773466627877,0.15747906214885685,-0.5795453086063866,0.001,0.007691209891789856
2024-04-17,4.510868923722807,0.11731845985411102,1.2374136214193387,-0.7667451909081082,0.0023493043718941045,0.0015788657615060171
2024-04-19,10.0,0.06393412762804251,1.6143883571802633,-0.7703920779923271,0.016319011793716226,0.0031092717915444114
2024-04-22,10.0,0.016292613134212854,2.7352929821513814,-0.8824199033483822,0.12491884968286428,0.01629678731963527
2024-04-24,3.753765890118012,0.1650300079917122,2.1305606164569686,-0.8092086708177444,0.012245235414301737,0.004119431086413139
2024-04-26,10.0,0.02062042339132873,4.508636266671933,-0.8968583259877619,0.16749645033126223,0.007152848828617318
2024-04-29,10.0,0.08140021572883134,4.292528197550554,-0.8839642868411528,0.08515010412110038,0.007948998045355581
2024-05-01,10.0,0.04007334521049842,2.248898922532349,-0.8501097609637925,0.06223998295881869,0.012177093646423554
2024-05-03,10.0,0.08097341722719904,4.261404804722732,-0.8817862117741263,0.07357869932787951,0.009928663943340812
2024-05-06,10.0,0.024100865584012424,4.569601664504677,-0.9103794498112386,0.16236164872695602,0.01410368854503346
2024-05-08,10.0,0.08395016414192004,4.237810298987815,-0.9028436014682728,0.0796013175835791,0.014426310103219733
2024-05-10,10.0,0.08500374993416342,3.5978003789157342,-0.8724439778193277,0.026521307854904613,0.010604854022220923
2024-05-13,10.0,0.05340541785154648,2.875324210543804,-0.8528536695848719,0.04228341694099491,0.010020983587494592
2024-05-15,0.1,0.010000000000002285,5.0,-0.9563626746169712,0.145493530480743,0.029692249003105214
2024-05-17,10.0,0.014942428382430747,3.208749087997258,-0.8908536763658583,0.09527777053851402,0.015518490249466476
2024-05-20,10.0,0.025590535881566505,3.430508743949607,-0.9000171012037883,0.09402352081808896,0.017126313762461445
2024-05-22,10.0,0.12366971259647963,4.488790112791203,-0.9021729410450625,0.001454888019451543,0.012423744122091518
2024-05-24,0.10000000000001424,0.01,5.0,-0.9673064840165894,0.12599955227885667,0.015693590066887995
2024-05-29,9.999999999999998,0.043629370136559195,3.034584098432703,-0.8959189382221635,0.05888801846677673,0.009558717429928237
2024-05-31,10.0,0.010000000000000717,4.1538909948961384,-0.9353108402141421,0.15721421319557774,0.016590392501263204
2024-06-03,0.8477195485661386,0.017493388722207046,5.0,-0.9223836099888272,0.10977225773080553,0.007014371756333333
2024-06-05,10.0,0.010000000000000023,4.06344282636208,-0.9187499701645232,0.14980135972034683,0.01320495706863576
2024-06-07,10.0,0.031289284957980744,2.299400449503808,-0.8709426723038044,0.04507569032547128,0.014456918990137832
2024-06-10,10.0,0.030574108299278997,3.1647521551872577,-0.9073287447733148,0.08597333851828301,0.018532779143742892
2024-06-12,2.073575004795866,0.11827282376056089,5.0,-0.8235078018658649,0.06960080959603268,0.002039680310610677
2024-06-14,10.0,0.01672971333081709,2.567128648035288,-0.8919778128654531,0.07426415796770262,0.01784694876282269
2024-06-17,0.1,0.010539283461493971,5.0,-0.9261681709204763,0.14888718336997137,0.004773502608609873
2024-06-21,10.0,0.0713507132323603,3.6983627858988677,-0.8724218547851472,0.04049028625523967,0.009169628482560914
2024-06-24,10.0,0.06430997336925148,2.5867771356795917,-0.850197277432845,0.02008640970698948,0.009743778792605115
2024-06-26,10.0,0.07840256508849525,4.584045023679782,-0.8933831340882128,0.062150834990017466,0.009625646193400299
2024-06-28,10.0,0.0360343217688935,2.335029849891408,-0.8312471988172103,0.026168200709418485,0.005797261579168498
2024-07-01,10.0,0.02767526760864612,2.59401439440431,-0.8750570519640892,0.04930673480375277,0.00835703237549645
2024-07-03,0.10000000000000014,0.019839098299019406,5.0,-0.9110046179424595,0.11925276558830278,0.0022898485721473496
2024-07-05,10.0,0.01,3.8214115011506244,-0.9052688991601999,0.1193800312218991,0.01208230668296549
2024-07-08,10.0,0.06013580827932025,3.7433638919715944,-0.880451219156738,0.05087419449585176,0.010452340760718846
2024-07-10,10.0,0.01000000000000002,4.01356820012808,-0.9128636330752327,0.14660247228474743,0.015498600458793012
2024-07-12,10.0,0.03383384740183158,4.169444055247771,-0.8935362222738438,0.09904077571056442,0.01299504044884154
2024-07-15,10.0,0.09120484035819011,3.2880479803484484,-0.8579678403696104,0.015415031723568881,0.012505155251300124
2024-07-17,10.0,0.06730321208787034,2.7977124548996617,-0.796103856339253,0.012548871539615626,0.004595739970551233
2024-07-19,1.259089706466299,0.3276957657042706,1.1929087880285945,-0.7907645668345126,0.0019649844197716865,0.004491762981332121
2024-07-22,10.0,0.09581688835160411,4.781978380104461,-0.8928030003186892,0.08271233265808828,0.008806532522690428
2024-07-24,1.622024433271108,0.1709150694820719,0.6876214643031983,-0.5919428714241515,0.0010165263050796749,2.209743512392408e-06
2024-07-26,10.0,0.03288706362050198,2.7451735596750906,-0.8751918860936606,0.09575254389984292,0.012041157456414429
2024-07-29,10.0,0.06713445180672284,2.0167845123566015,-0.829658863468598,0.029192054496199177,0.009362600893789184
2024-08-12,2.8440273824526168,0.9155882338465753,5.0,-0.9116684182044844,0.025585327518684545,0.0045296781261395715
2024-08-14,10.0,0.09609987735770824,4.684296369736953,-0.899486959218648,0.07774976127956008,0.0044473027439491004
2024-08-16,10.0,0.033131604690924604,4.753721177162981,-0.9039332911531541,0.14328063527133764,0.006821261024466913
2024-08-19,9.635170309796852,0.010000000000000007,5.0,-0.9191325059493318,0.18691769087410512,0.009592619801861489
2024-08-21,10.0,0.020375807678484962,3.5580598981233256,-0.8636403032008801,0.10057152320300783,0.004564232303848195
2024-08-23,10.0,0.01,4.502255932744431,-0.8989377162805223,0.1517986140917658,0.0069917404704092825
2024-08-26,10.0,0.03594753919129036,2.0996499136848654,-0.7946669824003767,0.029846975638646543,0.00396387864220578
2024-08-28,4.089159231992287,0.09114110829802304,1.6764590472388479,-0.7939728913551278,0.008376431189623081,0.0015455414818959818
2024-08-30,10.0,0.010000000000000363,3.706850783415833,-0.9072924075708462,0.11577185956714925,0.008809015326156248
2024-09-04,10.0,0.06906876621536277,3.1467220266339533,-0.8970936490720277,0.0601934899186339,0.003291484878295975
2024-09-06,0.1000000000000003,0.9605823369299382,0.14196273523815095,-0.9899999999999999,0.009979809585954635,0.015094850572185818
2024-09-09,10.0,0.13095172060675206,4.155372523111603,-0.8976605039843042,0.05778951286070973,0.0029231161370109377
2024-09-11,10.0,0.018164695897750823,4.56311054504082,-0.9180229404258112,0.20048483809851964,0.0040861017740915955
2024-09-12,10.0,0.03659879931259992,3.792828848784239,-0.8931418562822315,0.1171004235106134,0.003910629065343877
2024-09-13,10.0,0.0931273596048794,4.048158157298039,-0.8905928853313572,0.053267345236442505,0.004298360837917143
2024-09-16,10.0,0.061341169472872596,3.2561731585715097,-0.8725411147921701,0.059587140292590865,0.0044568019801184515
2024-09-17,10.0,0.011796732049173888,1.4914005701719921,-0.7715925034776379,0.0427112378385812,0.002207000908980816
2024-09-18,10.0,0.010837991719505198,1.6062845476551926,-0.7784267263813214,0.04981775578291978,0.0027012231436729347
2024-09-19,10.0,0.05371211398749522,2.8672502517192155,-0.8086826713599877,0.03206905730440572,0.0037492946312925367
2024-09-20,10.0,0.07241745207860421,2.7888507757665453,-0.8198172541097297,0.015300069261862776,0.0073279623297623185
2024-09-23,10.0,0.023750470231972538,2.7532374970385862,-0.8408680068589371,0.05855997446410349,0.005947928884263483
2024-09-24,9.999999999999998,0.08448948725575656,3.6090039778182623,-0.8534845553467922,0.015588043966860475,0.005438746145431705
2024-09-25,10.0,0.06711845220750785,3.145619526126366,-0.8361975665518352,0.01576546294370458,0.002935089999669966
2024-09-26,5.029266282404785,0.07754294375056987,1.92535621231892,-0.791398373583248,0.011098817246125617,0.0032773429829113785
2024-09-27,5.092732347528187,0.09811446573099743,1.9931927397660796,-0.8069153862708179,0.007131315131887122,0.0025885037694072474
2024-09-30,10.0,0.07262317647268339,4.894880089010962,-0.8928829877691576,0.08959425489644414,0.003799075088623998
2024-10-01,3.1185320183298484,0.1145056419191852,1.322807817296178,-0.7648136071002637,0.0017514153979551568,8.26987924413757e-05
2024-10-02,10.0,0.08205935166539009,4.313598907428588,-0.8960759551916891,0.06757407648628484,0.002217769156018147
2024-10-03,10.0,0.07045576352302128,3.620920662999808,-0.8837501461262548,0.058784509539105224,0.0017365243725048162
2024-10-04,4.323008988547383,0.16081259675388626,3.1576527866449684,-0.8884652799292515,0.03019163168672535,0.0032095831631317965
2024-10-07,3.65344444337489,0.19141750364293414,2.1024635625204864,-0.8341844483898386,0.002944353242545922,0.0006473938081452905
2024-10-08,2.666899289524121,0.47246836930064623,4.333868419855646,-0.8846770340496459,0.03275974163152097,0.0018724391683268816
2024-10-09,5.76074938911523,0.22307536122771077,5.0,-0.8848867442149636,0.06511071284679444,0.0023511181981807137
2024-10-10,2.437148177784027,0.4266772112453484,3.342656868232307,-0.8481999573559239,0.010343693891970636,0.0019337492247058813
2024-10-11,3.113926460142164,0.440984842836041,4.6314250579906036,-0.8830776020082259,0.03577097247587087,0.0031648977429952216
2024-10-14,10.0,0.01,2.7227052302435837,-0.8642744669972791,0.11410651734976784,0.010519620184757454
2024-10-15,5.5643593258165485,0.07691737534480915,1.1905322647691516,-0.6906350022368548,0.0010040306258485418,0.0003162767684051135
2024-10-16,10.0,0.022891803610446314,2.785843306085953,-0.8581516182323813,0.10100988235393178,0.006393852780354582
2024-10-17,4.070848979562252,0.12224228845285443,1.444000021188095,-0.7666888381661227,0.0015679219626648713,0.0020991232046356097
2024-10-18,10.0,0.0602552216537948,2.367474895261767,-0.8452597501729854,0.03615917996841781,0.0077162345979691896
2024-10-21,3.050692525840076,0.29061157407287364,2.999309653327881,-0.8363569512488381,0.016634946314496853,0.0030402962234913487
2024-10-22,10.0,0.03310903184292101,2.5060063608674055,-0.8639502006225473,0.07989995116726253,0.00663918438940999
2024-10-23,6.860578560877826,0.05037039919914319,1.297580531736477,-0.7826667364993836,0.01947460024613878,0.0012251892739048218
2024-10-24,10.0,0.046727671804589734,2.2468361474931466,-0.8544975180660482,0.050184046972104254,0.003453548445346026
2024-10-25,5.0353834584474395,0.09235370567858585,1.483538574608676,-0.8261945878479909,0.015562032372193788,0.0014734004972603236
2024-10-29,10.0,0.08839306625330834,3.67536806269263,-0.8792603918681258,0.0684493109806453,0.005320792722114488
2024-10-30,10.0,0.049053264983247,2.0469812732097994,-0.8169505211258641,0.038012410561291066,0.002253340163375903
2024-10-31,4.652396262608636,0.23327900805090257,1.1772655492352841,-0.7510591172846822,0.001,0.00016993792891944326
2024-11-01,10.0,0.0847973649699643,2.5548578843747136,-0.8691814867759332,0.0411555369207709,0.0030278435314572837
2024-11-04,10.0,0.05517411042906243,1.9637363933388825,-0.8536468419640556,0.04869122958236075,0.0029785365434041077
2024-11-05,10.0,0.010000000000000005,4.0327125266943415,-0.9068841017765161,0.20974693463226324,0.006636365589374751
2024-11-06,10.0,0.01,2.6633213295352633,-0.8331675146787662,0.0875733878133149,0.0083770658333686
2024-11-07,10.0,0.010000000000000162,2.564639096628854,-0.851098060219014,0.08758502220747406,0.014428817240535874
2024-11-08,10.0,0.030091896597115562,3.698174219477685,-0.8473962782604,0.08260870250784702,0.007244408096755986
2024-11-11,2.4775282322827157,0.23480027181807464,2.094643089352188,-0.8118987133776231,0.005146732726347201,0.007873497597933703
2024-11-13,10.0,0.08902857181236284,3.784809753757909,-0.830594261905644,0.011446468898824407,0.005829333961884283
2024-11-14,4.281784197482894,0.04356846042164938,0.8150254291673285,-0.6433970622400612,0.004376743203549141,0.0006589701709314331
2024-11-15,2.7770248959845443,0.3646666399782167,3.7282595376232344,-0.7176150727449917,0.0022083986216844542,0.0012040590233098614
2024-11-18,10.0,0.09008192374554785,3.9855471224390846,-0.883157017573183,0.05097256155357963,0.0069382536026094165
2024-11-19,10.0,0.01,3.5377868417396225,-0.8963011401133608,0.1505874866317752,0.015311562982034678
2024-11-20,9.999999999999996,0.012800152329480789,1.783561237217048,-0.8121421873214548,0.05663516921944912,0.008597755900330597
2024-11-21,10.0,0.1360236013543613,3.788065991032094,-0.8962065827415405,0.03185715759738521,0.01372851298466672
2024-11-22,9.284705660500787,0.1544955013844026,5.0,-0.8835133406974175,0.0010000000000000035,0.007178639042933106
2024-11-25,9.999999999999984,0.03516415968572757,2.2691888930427178,-0.780961655211893,0.023449044950116404,0.006306948221817886
2024-11-26,9.999999999999998,0.010000000000000045,2.6016771284866294,-0.857462193396357,0.06718167207869383,0.009704436368441361
2024-11-27,10.0,0.022867375084399868,1.3758814308321887,-0.7563196565612028,0.011604261994691457,0.004595624617375898
2024-11-29,0.10000000000000002,0.010000000000000004,5.0,-0.9427399534530705,0.10546747058734485,0.007665839676917794
2024-12-02,8.42218565595982,0.07744565784320835,2.594910032885851,-0.8502356758990472,0.001,0.012734436093010268
2024-12-03,2.565748414376084,0.18225524952344918,5.0,-0.8393925454925817,0.03516064037199531,0.0016072364519226963
2024-12-04,10.0,0.010000000000000002,2.1582536682179843,-0.848716920811788,0.04772591671552697,0.017997599355045045
2024-12-05,3.648787264257111,0.13611910883232506,5.0,-0.8893025860939247,0.04215842234217869,0.001968791842030565
2024-12-06,10.0,0.018991784026426567,1.7675885857032048,-0.8126523259318302,0.02537016091772423,0.014769057119724382
2024-12-09,2.6423265174611656,0.4777366044883267,4.699384082719913,-0.8192331102207479,0.0014052004640280461,0.001965764413712797
2024-12-10,3.6155824594220762,0.06162332693489084,1.1514287890258263,-0.7257962674187953,0.0038690451376144365,0.0017695464275574993
2024-12-11,10.0,0.018156417866118928,2.031455427935482,-0.8285136999832363,0.03894454665476083,0.008467651942058528
2024-12-12,3.416643542921979,0.07241684500439605,1.082135175283535,-0.7293523549622233,0.001,0.005442994567999683
2024-12-13,3.0632626878419376,0.10132242517809151,2.279958687155762,-0.6680769234860012,0.0025902752179522083,0.0006153330254269191
2024-12-16,10.0,0.031243833197205282,2.0933681164020537,-0.8292276248808766,0.029056389962773765,0.009594649661101498
2024-12-17,10.0,0.035258692848792475,2.5065998190540606,-0.8038706286068059,0.03095274231234305,0.004154647677018492
2024-12-18,1.9829333898896933,0.010000000000000002,0.5324422723221776,-0.4665521655280156,0.0010000000000000009,0.2586492980473059
2024-12-19,3.517097469113842,0.1262246298523435,1.1818323009202256,-0.7867678915068774,0.001,0.00018940318844331923
2024-12-20,7.566843460719731,0.01,5.0,-0.9381077397832192,0.22496147346879625,0.004298819773672325
2024-12-23,10.0,0.1289259860535328,4.816735263351446,-0.9176595118036796,0.05092745104423624,0.005713964358316409
2024-12-24,2.9975330196662595,0.34754866793747013,3.7072319997453103,-0.9245043880765924,0.0016904686331051123,4.928486960434324e-11
2024-12-26,10.0,0.06173118478124191,2.586044247861769,-0.8340835139483403,0.0059268829339941195,0.002865548995699598
2024-12-27,4.148770666411369,0.07034995893692433,1.0327952721203282,-0.7748810376504005,0.0010753664991640457,0.0003417921622887123
2024-12-30,3.956955012262517,0.15100841686355748,1.7727027881734905,-0.8392859311280438,0.0039467734126586,0.0023006828285690884
2024-12-31,3.8863398298249643,0.02790048775366489,0.5291568990000654,-0.729027290404923,0.010504213080955355,2.1268054207320568e-05
2025-01-02,3.6028299974677926,0.05760024690377681,0.5386734894308559,-0.6640761581346113,0.0031616459291010533,0.0008701247998712108
2025-01-03,10.0,0.05026014598424463,3.198537095458911,-0.8880580504917547,0.06934609731769353,0.0048802410546456045
2025-01-06,3.699421783285686,0.1525761564268027,1.7863150351344517,-0.8156338492077776,0.001,0.0020298644130534497
2025-01-07,3.0293233321818183,0.03453167114562553,0.016651634097140645,0.32437497015512967,0.001,0.02309520471534222
2025-01-08,3.776583894081622,0.17008076473192102,2.1661273527102907,-0.8289940818814092,0.005350400732215579,0.0020545831310343006
2025-01-10,3.016251494713153,0.04165414905319352,0.31376376369475395,-0.6053235471038215,0.007299571454536677,0.0030733251064722997
2025-01-13,10.0,0.07249135645413281,3.1090048370023404,-0.8964280038726679,0.09060493506373614,0.009341926119042207
2025-01-14,5.364329338114953,0.09454609013852627,1.3061827837394748,-0.7704748434785083,0.0015242763816964602,0.0011959774939839516
2025-01-15,10.0,0.047185789719628515,2.860327670287873,-0.830677352673863,0.04667622635295241,0.0031294228937853996
2025-01-16,3.3009465962020106,0.08406907355464187,0.8190611731505237,-0.6939078089067005,0.001,7.488325768529516e-05
2025-01-17,6.836051375780685,0.06403778732225845,2.0110272016989144,-0.7771576624528788,0.0173973808798948,0.00256428159666839
2025-01-21,2.5961333103925677,0.5341116189856612,3.25618135069182,-0.8900858965735771,0.007124336905808915,0.013009476788569898
2025-01-22,4.132823375479837,0.0943088654709961,1.6881299306971003,-0.7718537899435747,0.0063102216364384015,0.004391685503499309
2025-01-23,10.0,0.03063382628736672,2.7029423395900873,-0.8544278961427962,0.05685437364612733,0.008035371682077653
2025-01-24,5.473978382582718,0.04688654652552685,0.9220004462306657,-0.6639706728192823,0.0014918248553451765,0.0010688680016510575
2025-01-27,10.0,0.07206715522646079,4.668332235902752,-0.8954599442504272,0.10655255586755459,0.004920622406792898
2025-01-28,10.0,0.03507002989437048,3.039637731051391,-0.856576647981503,0.07003319455506123,0.00391154191605061
2025-01-30,2.101470474469651,0.24754631192601817,1.9381072497416252,-0.8367144834437344,0.00575879419809182,0.00398743739179353
2025-01-31,6.480083859057752,0.010000000000000002,0.09147478162851652,-0.9899999999999999,0.006956708937141009,0.0037545309638559047
2025-02-03,10.0,0.08270876657790019,4.304342248796504,-0.8928481790286323,0.09995264976399172,0.004243236151358061
2025-02-04,2.754807165469475,0.1476299078059893,3.652240098519603,-0.7998412506456006,0.05476755978812988,0.000844479524184166
2025-02-05,10.0,0.03296147054182074,2.919747229552425,-0.8692911628291554,0.06829391723837594,0.003658871402594949
2025-02-06,1.450451344560898,0.2272693353692446,1.2077913007832866,-0.8051689709694981,0.0022198317912545365,0.001810714243448146
2025-02-07,5.129074288352916,0.01,0.10442229674654736,-0.99,0.006160065742432156,0.005927919640585081
2025-02-10,10.0,0.059499287941163596,2.266643594399768,-0.8530377518612704,0.013990675341608878,0.003206451736536006
2025-02-11,10.0,0.03885483298611756,2.832674968048818,-0.8702595526903774,0.0527367534890214,0.003592787952835067
2025-02-12,10.0,0.04970886749231048,3.7314777488388113,-0.8979860934786189,0.0810841501186866,0.00413313885858641
2025-02-13,10.0,0.038585799531988374,3.7204349275075033,-0.9038329954789255,0.08983560592981647,0.006692094446498322
2025-02-14,2.0262638823878083,0.17558576613137802,1.4224519677260345,-0.8286668927619127,0.0026226913782590824,0.003547346558367034
2025-02-18,0.8362031248617549,0.45369926186299603,1.5382847306961347,-0.8312140042236512,0.001,0.003138098052034793
2025-02-19,10.0,0.06921803932304742,3.03258166406899,-0.8559502772080201,0.01378076537721389,0.005963398603001291
2025-02-20,4.87414959792006,0.05875169541401339,1.239624354975521,-0.7757929253946567,0.0036388943081383162,0.001102019258205183
2025-02-21,0.8320026801487239,0.17837719371275715,4.626376110196335,0.99,0.00975698489966726,0.11671292205851042
2025-02-24,4.240813170847798,0.01,0.47831599706401184,-0.7410656722283602,0.014806130824612433,0.0004182274500368134
2025-02-25,7.847222579299495,0.0542761672974604,1.1997447564325343,-0.7904869302991722,0.001,5.9838072616936903e-05
2025-02-26,2.986434249235976,0.45202911056493494,2.142315427788815,-0.8621544729615114,0.0030512163285616547,0.0023160729927721208
2025-02-27,3.4514924310138606,0.01,0.052120709553754606,0.9899999999999999,0.005346617233251692,0.11049624844719447
2025-02-28,10.0,0.09685964800444513,5.0,-0.948510274482624,0.17461343529150603,0.014196239595281553
2025-03-03,0.5461247329216692,0.04918499052792334,0.03125472555854633,0.9899999999999999,0.005319003326469933,0.0890852808399107
2025-03-04,4.624551814435991,0.1474912461952632,1.216012231208026,-0.8566502007931425,0.0015160161260339606,0.00019213005482347613
2025-03-05,4.0570881784392405,0.7690331893436442,5.0,-0.9429106348187484,0.07901110772965263,0.010572204758617318
2025-03-06,5.827811287558837,0.12696129193103817,1.0397865615765287,-0.8572242471983124,0.0012750468706603135,2.934226688529093e-05
2025-03-07,3.198350354914687,0.3582521010633104,2.249280117356852,-0.9061470271036849,0.01558226486010519,0.003658850168398552
2025-03-10,2.5664800680067548,0.010000000000000004,0.224846244423296,-0.9899999999999999,0.027130843326614414,0.005641808950472511
2025-03-11,3.489252349839526,0.09960092210197091,0.7289158800964654,-0.8237108149831953,0.0239937926743674,2.388615399391698e-05
2025-03-12,2.8327230518122257,0.010000000000000004,0.3519932421659351,-0.8969879985079389,0.029548606601017675,0.0006705240039441674
2025-03-13,6.239105925701544,0.05430601108496161,0.23384267868708414,-0.99,0.009263513967809967,0.004596073179001458
2025-03-14,3.0298394441682586,0.4078516862081883,2.362581055175713,-0.8886943665606851,0.014107755236549497,0.003754070968079201
2025-03-17,10.0,0.11534637466226152,2.509378422513487,-0.8503574297386522,0.012371644878358314,0.002388334752753143
2025-03-18,5.136465175150006,0.08147780905051534,0.44020773771329713,-0.8971820614992826,0.001002333000121059,0.0004349611357630576
2025-03-19,10.0,0.09618945540024643,2.5147608403852426,-0.8556170511001476,0.03520855651009231,0.0035200018370742407
2025-03-20,5.031475606307151,0.1332685329939152,1.5256006110610116,-0.847749340843091,0.01389624284878557,0.0022850525079777815
2025-03-21,10.0,0.09105773104842349,2.396526007850158,-0.8798072247615077,0.040824448290479265,0.005420820133790474
2025-03-24,3.9900341893327096,0.04188070259471327,0.09903250483251953,-0.99,0.002225070516355648,0.01663769526519323
2025-03-25,2.150982095674669,0.15305497848559563,0.8161931175878163,-0.7300941755904073,0.001,5.0635477896617555e-05
2025-03-26,3.685891341405376,0.11260451880727389,1.155339726325879,-0.7618970369615865,0.002195406363685072,0.0003500678030656524
2025-03-27,5.342532429176763,0.096805915289468,1.4760251407134917,-0.811794749317122,0.013047436844172146,0.0020981383650756297
2025-03-28,5.033658551288567,0.1211876861674361,1.4425195985349104,-0.8323838670826325,0.007613872547427561,0.0016049599754130348
2025-03-31,10.0,0.17668044095576688,3.10688196324153,-0.8875114479374699,0.004619804759502471,0.0033398784685833
2025-04-01,10.0,0.12296440219223886,2.6016693333123793,-0.8653838457907185,0.008683731742146714,0.0018057991687135512
2025-04-02,10.0,0.2091235334507233,4.820877668456935,-0.91723114883122,0.058791374476442046,0.00528802346742752
2025-04-03,3.729086663033022,0.01,0.19516519823568992,-0.99,0.027402874312679886,0.01023175263791699
2025-04-04,1.860447805203983,0.01,0.5471233276797488,0.9899999999999043,0.032081622586155906,0.12103032308928689
2025-04-07,0.10000000000001512,0.010000000000000085,5.0,-0.9494870739457617,0.5717518379393028,0.014570956020146542
2025-04-08,4.796921730009773,0.010000000000000009,0.09012524239044342,0.99,0.031182422728050795,0.08610690960144293
2025-04-09,0.1,0.010000000000002137,5.0,-0.9899999999999994,0.9208032926689885,0.09852680662082156
2025-04-10,1.9693780923407875,0.11360231497545745,0.963508672327155,-0.99,0.07491114821744782,0.0003247975753086543
2025-04-11,0.1,0.015016299742551894,5.0,-0.924346296320151,0.35123189501752206,0.005127551316921354
2025-04-14,2.4658645350743322,0.010000000000000089,0.5889983869206097,-0.7867737972830102,0.034285475094749995,0.004471039013916735
2025-04-15,2.522861497766367,0.36432262341106836,1.674946397484994,-0.8164481314660665,0.001,0.0006923382356805853
2025-04-16,1.9006190813542134,0.35204920753788904,0.6723933809755209,-0.7701127172003769,0.0010141865858243,0.003248000678899238
2025-04-17,2.098291291679207,0.4973822167730339,1.4687416803258002,-0.8205007495004126,0.0010123710257812799,2.7096337530478457e-05
2025-04-21,1.9974922394264456,0.01,0.19517510797843396,-0.99,0.04307622328565139,0.00778525152298647
2025-04-22,1.328432636861332,1.0,2.614649670682485,-0.8660510211184479,0.059065144065253976,0.0015096973680503963
2025-04-23,3.449871652715397,0.1439815403481534,0.8390372221250738,-0.634953772547658,0.012126483869618392,0.0037298648486860262
2025-04-24,4.702865654167628,0.15365049882491494,5.0,-0.9134844290163162,0.2466923822041831,0.009406149363071672
2025-04-25,3.3443757070200637,0.3083327852948301,2.149482862659811,-0.8587857213131727,0.024924535350609147,0.002717889594325956
2025-04-28,2.4361107289176664,0.376112222477607,1.5716272374333775,-0.7619611252327055,0.001,0.0003111218458328722
2025-04-29,10.0,0.14263575575478227,3.3650980956660237,-0.8656659162259482,0.045431214981031615,0.0013649786817779275
2025-04-30,8.332927432392697,0.30528729640864344,5.0,-0.9038005819301812,0.03596955835233262,0.00259398861841247
2025-05-01,3.5813627743736154,0.11366679694329401,0.9374109513843765,-0.6527845132335554,0.007674920005490894,0.003181347307530051
2025-05-02,3.8686851124810655,0.2779501353582876,2.4350800696477157,-0.8326699027595487,0.001,0.0011107525335788966
2025-05-05,3.2198757307573778,0.28825231953970404,1.8100283019743746,-0.8024272124154667,0.001,0.00040277905846484893
2025-05-06,2.9434291020416876,0.20241099001384633,1.50489191611743,-0.8073650339041046,0.017726702675013542,0.00025206851218959113
2025-05-07,3.946592406198655,0.22070636613715877,1.8456083617686547,-0.8083719311550616,0.0010013474158331104,0.00028807150531229915
2025-05-08,4.662906469395173,0.1617795140617134,1.609000600736406,-0.7843247047270673,0.0014056064753238317,0.00020507895644142248
2025-05-09,3.5282060702532556,0.13358007566279648,0.8608518308715863,-0.7229922321596377,0.002387716281530728,0.0003409551572991974
2025-05-12,10.0,0.039447857383564856,1.808291527963173,-0.7433898093844411,0.030487557116238698,0.0014544614776709434
2025-05-13,4.75867259468946,0.07355542986493877,1.7127640500843335,-0.7697515327931752,0.02839082319187516,0.0038506424692343654
2025-05-14,8.459751037599396,0.02641114751042474,1.1023259608535174,-0.6044938983082496,0.02132724440930356,0.0007716307126013281
2025-05-15,10.0,0.023696472785372274,2.089576803445296,-0.8042128247086607,0.06570441267884347,0.007602297304560376
2025-05-16,10.0,0.026632519632737384,1.5878024506467097,-0.7541219124231766,0.03772121577940656,0.0051044570603517025
2025-05-19,10.0,0.048322289485266574,2.592939032931651,-0.8530059395924366,0.07230289448128469,0.010727470263600825
2025-05-20,6.212933822621485,0.045588461741505056,0.9306084756801902,-0.6649174990992864,0.009121985379044878,0.0009419922835926404
2025-05-21,5.03649828212409,0.026321990917486646,0.09902746344885548,-0.5779931896995331,0.005843509269756332,0.005420783976368421
2025-05-22,10.0,0.04758326742824513,1.4298066343720415,-0.75697923019885,0.017603552908203094,0.0013053966349281154
2025-05-23,10.0,0.09865445058042728,2.397303910354471,-0.8174144223352908,0.013699017269859297,0.002175203062154385
2025-05-27,10.0,0.1845175355491644,4.708365157579771,-0.8812275933749707,0.04765562644070429,0.007003002200454366
2025-05-28,3.6677838770638838,0.021380296432785308,0.2842198082774742,-0.36796992299495096,0.008704867281044894,0.001959050349131187
2025-05-29,2.0282482943512194,0.17559295151411677,0.2129421144449823,-0.6431403695779434,0.0025716850342329144,0.0030337268009980926
2025-05-30,2.516682615660384,0.15116828187158554,0.9525056978792714,-0.7385734948397031,0.0010018484917299559,0.0011284515614044311
2025-06-02,10.0,0.27094845367501424,4.970274060132986,-0.9191104456551716,0.05315160572165414,0.014439034106881653
2025-06-03,10.0,0.031158360602647366,1.4480880232599052,-0.7752199713107392,0.026794674458091017,0.006758418182062628
2025-06-04,3.685690787900256,0.048052213539965916,0.5018886924262091,-0.5668278411916234,0.005460985327495102,6.101243517870762e-05
2025-06-05,10.0,0.010000000000000002,0.042109810578707114,0.20084995536605035,0.006575112776566521,0.005586022926874382
2025-06-06,2.5205915867159434,0.35696163443543727,2.9550392210660132,-0.6309894364036102,0.001,0.000998020618699195
2025-06-09,6.060948973517213,0.029914974815236996,0.54393999752819,-0.5704107266656974,0.006591245459357235,0.00021834998246666402
2025-06-10,10.0,0.042902635134885896,1.1710624971851604,-0.7047156393332591,0.0036618686436342505,0.0028608793766829194
2025-06-11,10.0,0.018654695789033518,0.089160168212014,-0.99,0.001,0.00207857830709395
2025-06-12,3.689128290699123,0.12102740165197469,1.5719110477705072,-0.7979270908664491,0.008939958981312498,0.0014995110266965057
2025-06-13,4.799358349830934,0.01000000000000004,0.4339251494943951,-0.631865393072576,0.015865854119010845,0.00041845150657392964
2025-06-16,2.0756459014025403,0.6856654948153367,4.133736973779979,-0.7986161338336819,0.0012285267011112148,0.002486290421210631
2025-06-17,3.9271239835211063,0.01,0.379633699500132,-0.6025381081902752,0.015408091298921903,0.0014876223679964027
2025-06-18,2.7215874115388754,0.1179095239054612,0.8664880948292752,-0.7112250970191291,0.001,5.5542189804812104e-05
2025-06-20,2.389375187187927,0.03628548395097194,0.2350069650885693,-0.5482276836000174,0.006904223913610695,0.004883193063462121
2025-06-23,10.0,0.12963625548775495,3.553678471147568,-0.8849861656654646,0.02868275925781662,0.005140399086899773
2025-06-24,4.996682617454569,0.07320152592695556,1.1521973458099417,-0.7757191295877524,0.005061799628581937,0.003809264858256327
2025-06-25,4.018673870534648,0.06750325393611527,0.14141386477065931,-0.99,0.001,0.0018386171006149715
2025-06-26,7.378881374690667,0.052564905527708705,1.5713751943998522,-0.7279076658673186,0.00977516419201842,0.001700092959150078
2025-06-27,3.336680930463487,0.10470953172327464,1.187998013151038,-0.6922021227718126,0.001348498613377943,0.0008388058264904871
2025-06-30,4.341418384899756,0.02033919167227239,0.48760869843063415,-0.5872572971878696,0.011733007938086919,0.0005237537841843946
2025-07-01,10.0,0.029123319210617095,0.825392883166187,-0.661764732604771,0.006316671837960525,0.0007833809903377937
2025-07-02,7.004713138103803,0.05876364021762362,1.6405504639439916,-0.7313681706147447,0.010401757282528066,0.0014635447685872566
2025-07-03,6.418530719890792,0.064619015118117,1.4486623499328084,-0.7196468668525939,0.005733617591880244,0.0016933535059613686
2025-07-07,2.5226620878703514,0.010000000000000009,0.06373505449789883,-0.5183519003235042,0.009028098944808778,0.006644023190008485
2025-07-08,1.798943570709482,0.037883292595866945,0.36416099022110665,-0.5634333638519294,0.009341906050380214,0.00020606092737193956
2025-07-09,3.528390795818551,0.07457910161826757,0.7676967682287427,-0.65761153501727,0.002621435858112489,0.001303515241378441
2025-07-10,2.2934854967363605,0.13335054987063494,1.0701684672013538,-0.6412873400036843,0.0010441133628895018,0.0006351840457117034
2025-07-11,3.048190247324016,0.05044226577016126,0.5628069838710628,-0.6552663629715332,0.007714717663652699,0.0008528670486979347
2025-07-14,3.5639649697589206,0.15689966770561783,1.1761560502016737,-0.7312701967580278,0.001,0.0012784870640165568
2025-07-15,0.5400105585928645,0.01,0.03709284754669333,0.99,0.0062094377285955285,0.026926869476447027
2025-07-16,3.386578743103043,0.07524192985956386,0.698905486994262,-0.6299358153758092,0.002093831182321968,0.00046521992759255345
2025-07-17,1.3820049085974513,0.20015636151040325,1.02775562434051,-0.7868646942806224,0.009606577417078821,0.007942536418795372
2025-07-18,3.4209749764133117,0.03399039694025018,0.24740940460148705,-0.43764752746829394,0.0037352994732042333,0.001276217026405923
2025-07-21,7.272280326069939,0.04668115957825325,0.944465193506335,-0.6185706935364551,0.0013057590823743036,8.476122430377172e-05
